company_id,jobview_url,Position(Company)
company_id,jobview_url,Position(Company)
638203543,https://www.linkedin.com/jobs/view/638203543/,RPA- Data Scientist / Machine learning
793248301,https://www.linkedin.com/jobs/view/793248301/,Appian BPM developer
729726676,https://www.linkedin.com/jobs/view/729726676/,KGS::MC::Consultant/AM::Sr. Java Developer
781061628,https://www.linkedin.com/jobs/view/781061628/,Manager - Intelligent Automation
634882252,https://www.linkedin.com/jobs/view/634882252/,KGS:: MC-Associate Consultant/Consultant:: Appian Developer
789274177,https://www.linkedin.com/jobs/view/789274177/,KGS-MC-Consultant-Oracle HCM
638203565,https://www.linkedin.com/jobs/view/638203565/,RPA - Technical Architect
663375887,https://www.linkedin.com/jobs/view/663375887/,KGS | Management Consulting | Analytics | Data Science
739363102,https://www.linkedin.com/jobs/view/739363102/,KGS:: MC-Associate Consultant/Consultant/AM:: Appian Consultants
784359984,https://www.linkedin.com/jobs/view/784359984/,KGS::MC::Consultant:: Automation Anywhere
728563513,https://www.linkedin.com/jobs/view/728563513/,KGS::MC::Consultant - Robotics Process Automation
638204047,https://www.linkedin.com/jobs/view/638204047/,RPA Developer
634882179,https://www.linkedin.com/jobs/view/634882179/,Assistant Manager/Consultant/ Associate Consultant â€“ ERP Audits
663375886,https://www.linkedin.com/jobs/view/663375886/,KGS:: MC - Consultant/AM :: IT Strategy
799152148,https://www.linkedin.com/jobs/view/799152148/,Associate Consultant
789266534,https://www.linkedin.com/jobs/view/789266534/,KGS::MC::OpenText Exstream - Consultant
692177075,https://www.linkedin.com/jobs/view/692177075/,KGS-MC - Consultant - Oracle Technical Financials
692175809,https://www.linkedin.com/jobs/view/692175809/,KGS-MC-Associate Consultant - Oracle Fusion Functional
692175769,https://www.linkedin.com/jobs/view/692175769/,KGS-MC-Associate Consultant - Oracle Fusion Functional- Projects
774665632,https://www.linkedin.com/jobs/view/774665632/,AD - Forensics Inv
793260381,https://www.linkedin.com/jobs/view/793260381/,Associate - CA
781059896,https://www.linkedin.com/jobs/view/781059896/,KGS-RC-Assistant Manager-ITA
776136673,https://www.linkedin.com/jobs/view/776136673/,KGS: MC : Oracle Hyperion Planning Specialist
774666536,https://www.linkedin.com/jobs/view/774666536/,KGS: RC : SAP GRC- Executive & Senior
692175810,https://www.linkedin.com/jobs/view/692175810/,KGS -MC- Workday
company_id,jobview_url,Position(Company)
company_id,jobview_url,Position(Company)
company_id,jobview_url,Position(Company)
company_id,jobview_url,Position(Company)
company_id,jobview_url,Position(Company)
company_id,jobview_url,Position(Company)
company_id,jobview_url,Position(Company)
company_id,jobview_url,Position(Company)
company_id,jobview_url,Position(Company)
